"name","pop","location"
"Saint-Felix-de-Valois","6029","https://www.google.com/maps/?q=46.1698,-73.4252"
"Bromont","6049","https://www.google.com/maps/?q=45.3168,-72.6491"
"The Pas","6055","https://www.google.com/maps/?q=53.8251,-101.254"
"Farnham","6061","https://www.google.com/maps/?q=45.2834,-72.9824"
"Drayton Valley","6099","https://www.google.com/maps/?q=53.2168,-114.985"
"Iqaluit","6124","https://www.google.com/maps/?q=63.747,-68.5173"
"Sooke","6145","https://www.google.com/maps/?q=48.3746,-123.728"
"Saint-Joseph-du-Lac","6195","https://www.google.com/maps/?q=45.5334,-73.9992"
"Beauceville","6226","https://www.google.com/maps/?q=46.2178,-70.7787"
"Amqui","6261","https://www.google.com/maps/?q=48.4638,-67.4313"
"Stephenville","6278","https://www.google.com/maps/?q=48.55,-58.5818"
"Summerland","6292","https://www.google.com/maps/?q=49.5998,-119.669"
"Coaldale","6317","https://www.google.com/maps/?q=49.7167,-112.619"
"Morden","6395","https://www.google.com/maps/?q=49.1919,-98.1014"
"Pointe-Calumet","6396","https://www.google.com/maps/?q=45.5001,-73.9659"
"Parry Sound","6469","https://www.google.com/maps/?q=45.3473,-80.0353"
"Perth","6481","https://www.google.com/maps/?q=44.9001,-76.2494"
"Kimberley","6513","https://www.google.com/maps/?q=49.6707,-115.978"
"Rocky Mountain House","6527","https://www.google.com/maps/?q=52.3668,-114.919"
"Mont-Joli","6568","https://www.google.com/maps/?q=48.5839,-68.1921"
"Ponoka","6656","https://www.google.com/maps/?q=52.6768,-113.581"
"Brownsburg-Chatham","6664","https://www.google.com/maps/?q=45.6834,-74.4159"
"Plessisville","6677","https://www.google.com/maps/?q=46.2186,-71.762"
"Kincardine","6725","https://www.google.com/maps/?q=44.1834,-81.6331"
"Saint-Zotique","6773","https://www.google.com/maps/?q=45.2501,-74.2492"
"Carbonear","6814","https://www.google.com/maps/?q=47.7332,-53.2148"
"Gibsons","6821","https://www.google.com/maps/?q=49.3954,-123.506"
"Greenwood","6915","https://www.google.com/maps/?q=44.9741,-64.9317"
"Olds","6947","https://www.google.com/maps/?q=51.7834,-114.102"
"Hampstead","6996","https://www.google.com/maps/?q=45.4806,-73.6631"
"Coaticook","7021","https://www.google.com/maps/?q=45.1334,-71.7991"
"Bluewater","7044","https://www.google.com/maps/?q=43.4668,-81.5998"
"Merritt","7179","https://www.google.com/maps/?q=50.1123,-120.794"
"Asbestos","7190","https://www.google.com/maps/?q=45.7668,-71.9324"
"La Sarre","7206","https://www.google.com/maps/?q=48.8002,-79.1996"
"Hanover","7255","https://www.google.com/maps/?q=44.1501,-81.033"
"Baie-Saint-Paul","7288","https://www.google.com/maps/?q=47.4411,-70.4986"
"Sydney Mines","7312","https://www.google.com/maps/?q=46.2367,-60.2177"
"Delson","7322","https://www.google.com/maps/?q=45.3668,-73.5492"
"Innisfil","7345","https://www.google.com/maps/?q=44.3001,-79.6496"
"Beaumont","7366","https://www.google.com/maps/?q=53.3501,-113.419"
"Campbellton","7384","https://www.google.com/maps/?q=48.0075,-66.6727"
"Carignan","7426","https://www.google.com/maps/?q=45.4501,-73.2992"
"Yarmouth","7500","https://www.google.com/maps/?q=43.8335,-66.1156"
"Banff","7502","https://www.google.com/maps/?q=51.1762,-115.57"
"Camlachie","7506","https://www.google.com/maps/?q=43.036,-82.1616"
"Pont Rouge","7518","https://www.google.com/maps/?q=48.8833,-72.0825"
"Aylmer","7527","https://www.google.com/maps/?q=42.7668,-80.983"
"Revelstoke","7533","https://www.google.com/maps/?q=50.9971,-118.195"
"Chibougamau","7563","https://www.google.com/maps/?q=49.9168,-74.3659"
"Wasaga Beach","7567","https://www.google.com/maps/?q=44.5168,-80.0164"
"Happy Valley-Goose Bay","7572","https://www.google.com/maps/?q=53.3038,-60.3258"
"Slave Lake","7661","https://www.google.com/maps/?q=55.2834,-114.769"
"Kirkland Lake","7775","https://www.google.com/maps/?q=48.1446,-80.0377"
"Chandler","7914","https://www.google.com/maps/?q=48.3493,-64.6793"
"Fort Frances","7931","https://www.google.com/maps/?q=48.6167,-93.4003"
"Edson","7975","https://www.google.com/maps/?q=53.5835,-116.436"
"Renfrew","8018","https://www.google.com/maps/?q=45.4668,-76.6827"
"Wild Rose","8031","https://www.google.com/maps/?q=53.4708,-113.381"
"Goderich","8032","https://www.google.com/maps/?q=43.7417,-81.7134"
"Bridgewater","8070","https://www.google.com/maps/?q=44.3786,-64.5188"
"Saint-Hippolyte","8083","https://www.google.com/maps/?q=45.9334,-74.0159"
"Saint-Felicien","8088","https://www.google.com/maps/?q=48.6501,-72.4491"
"Silver Berry","8089","https://www.google.com/maps/?q=53.4579,-113.382"
"Morinville","8108","https://www.google.com/maps/?q=53.8001,-113.652"
"Taber","8163","https://www.google.com/maps/?q=49.787,-112.146"
"Dryden","8195","https://www.google.com/maps/?q=49.7833,-92.7503"
"Notre-Dame-des-Prairies","8230","https://www.google.com/maps/?q=46.0501,-73.4324"
"Bracebridge","8238","https://www.google.com/maps/?q=45.0334,-79.3163"
"Concord","8255","https://www.google.com/maps/?q=43.8001,-79.4829"
"Winkler","8270","https://www.google.com/maps/?q=49.1817,-97.941"
"Bois-des-Filion","8383","https://www.google.com/maps/?q=45.6668,-73.7492"
"Dauphin","8418","https://www.google.com/maps/?q=51.1494,-100.05"
"Otterburn Park","8464","https://www.google.com/maps/?q=45.5334,-73.2159"
"Castlegar","8715","https://www.google.com/maps/?q=49.2998,-117.669"
"Pont-Rouge","8723","https://www.google.com/maps/?q=46.7547,-71.6957"
"Ladysmith","8740","https://www.google.com/maps/?q=48.9902,-123.817"
"Lavaltrie","8762","https://www.google.com/maps/?q=45.8834,-73.2824"
"Whitecourt","8763","https://www.google.com/maps/?q=54.1502,-115.685"
"Binbrook","8796","https://www.google.com/maps/?q=43.1213,-79.811"
"Mont-Tremblant","8892","https://www.google.com/maps/?q=46.2127,-74.5844"
"Stony Plain","8939","https://www.google.com/maps/?q=53.5334,-114.002"
"La Malbaie","8959","https://www.google.com/maps/?q=47.654,-70.1527"
"Kitimat","8987","https://www.google.com/maps/?q=54.0524,-128.653"
"Oromocto","8998","https://www.google.com/maps/?q=45.8351,-66.4792"
"Saint-Sauveur","9191","https://www.google.com/maps/?q=45.8869,-74.1794"
"Kapuskasing","9240","https://www.google.com/maps/?q=49.4169,-82.4331"
"Huron East","9264","https://www.google.com/maps/?q=43.6168,-81.2998"
"Saint-Raymond","9273","https://www.google.com/maps/?q=45.467,-73.6095"
"Roberval","9287","https://www.google.com/maps/?q=48.5168,-72.2324"
"Dorchester","9329","https://www.google.com/maps/?q=42.9834,-81.0664"
"Amherst","9336","https://www.google.com/maps/?q=45.8335,-64.1987"
"Weyburn","9362","https://www.google.com/maps/?q=49.6668,-103.851"
"La Tuque","9503","https://www.google.com/maps/?q=47.4334,-72.7824"
"Val-des-Monts","9539","https://www.google.com/maps/?q=45.6501,-75.666"
"Lachute","9562","https://www.google.com/maps/?q=45.6501,-74.3325"
"Arnprior","9607","https://www.google.com/maps/?q=45.4334,-76.3494"
"Steinbach","9607","https://www.google.com/maps/?q=49.5258,-96.6845"
"Lorraine","9613","https://www.google.com/maps/?q=45.6834,-73.7825"
"Selkirk","9653","https://www.google.com/maps/?q=50.1436,-96.8845"
"Trail","9707","https://www.google.com/maps/?q=49.0998,-117.702"
"Carleton Place","9743","https://www.google.com/maps/?q=45.1334,-76.1494"
"Nelson","9813","https://www.google.com/maps/?q=49.4999,-117.286"
"High River","9826","https://www.google.com/maps/?q=50.5834,-113.869"
"Notre-Dame-de-l'Ile-Perrot","9885","https://www.google.com/maps/?q=45.3668,-73.9325"
"Hinton","9889","https://www.google.com/maps/?q=53.4001,-117.586"
"Estevan","9904","https://www.google.com/maps/?q=49.1334,-102.984"
"L'Ile-Perrot","9927","https://www.google.com/maps/?q=45.3834,-73.9492"
"Bells Corners","9977","https://www.google.com/maps/?q=45.3159,-75.8301"
"South Huron","9982","https://www.google.com/maps/?q=43.3168,-81.5165"
"Hanceville","10000","https://www.google.com/maps/?q=51.9192,-123.045"
"Strathmore","10009","https://www.google.com/maps/?q=51.0501,-113.385"
"Lacombe","10059","https://www.google.com/maps/?q=52.4668,-113.735"
"Mercier","10121","https://www.google.com/maps/?q=45.3168,-73.7492"
"Prevost","10132","https://www.google.com/maps/?q=45.8668,-74.0825"
"Angus","10269","https://www.google.com/maps/?q=44.3168,-79.8829"
"Labrador City","10313","https://www.google.com/maps/?q=52.9463,-66.9114"
"Rawdon","10400","https://www.google.com/maps/?q=46.0501,-73.7159"
"Cantley","10412","https://www.google.com/maps/?q=45.5668,-75.7827"
"Temiskaming Shores","10442","https://www.google.com/maps/?q=47.4938,-79.7153"
"Sylvan Lake","10518","https://www.google.com/maps/?q=52.311,-114.084"
"Smiths Falls","10553","https://www.google.com/maps/?q=44.9045,-76.0233"
"Whistler","10600","https://www.google.com/maps/?q=50.1164,-122.969"
"Les Coteaux","10622","https://www.google.com/maps/?q=45.2834,-74.2325"
"Sainte-Adele","10634","https://www.google.com/maps/?q=45.9501,-74.1325"
"Lambton Shores","10656","https://www.google.com/maps/?q=43.1668,-81.9331"
"Sainte-Anne-des-Plaines","10680","https://www.google.com/maps/?q=45.7647,-73.8116"
"Dawson Creek","10802","https://www.google.com/maps/?q=55.7598,-120.24"
"Cowansville","10887","https://www.google.com/maps/?q=45.2001,-72.7491"
"North Saanich","11089","https://www.google.com/maps/?q=48.6663,-123.419"
"Becancour","11134","https://www.google.com/maps/?q=46.3334,-72.4324"
"Paris","11177","https://www.google.com/maps/?q=43.2,-80.3833"
"Pincourt","11197","https://www.google.com/maps/?q=45.3834,-73.9825"
"Wetaskiwin","11302","https://www.google.com/maps/?q=52.9668,-113.369"
"Sainte-Marthe-sur-le-Lac","11311","https://www.google.com/maps/?q=45.5334,-73.9325"
"Amherstburg","11459","https://www.google.com/maps/?q=42.1168,-83.0499"
"Fall River","11526","https://www.google.com/maps/?q=44.8168,-63.6154"
"Uxbridge","11531","https://www.google.com/maps/?q=44.1001,-79.1163"
"Sainte-Marie","11584","https://www.google.com/maps/?q=46.434,-71.0117"
"Cold Lake","11595","https://www.google.com/maps/?q=54.4652,-110.182"
"Montmagny","11724","https://www.google.com/maps/?q=46.9804,-70.5549"
"Ingersoll","11874","https://www.google.com/maps/?q=43.0334,-80.883"
"Beauharnois","11918","https://www.google.com/maps/?q=45.3134,-73.8725"
"Parksville","12000","https://www.google.com/maps/?q=49.3195,-124.316"
"Grand Falls-Windsor","12076","https://www.google.com/maps/?q=48.9332,-55.6649"
"North Perth","12254","https://www.google.com/maps/?q=43.7251,-80.9672"
"Hawkesbury","12283","https://www.google.com/maps/?q=45.6001,-74.616"
"Canmore","12288","https://www.google.com/maps/?q=51.0834,-115.352"
"Aldergrove","12363","https://www.google.com/maps/?q=49.058,-122.471"
"Thompson","12467","https://www.google.com/maps/?q=55.7435,-97.8558"
"Elliot Lake","12508","https://www.google.com/maps/?q=46.3834,-82.6331"
"Kentville","12636","https://www.google.com/maps/?q=45.0771,-64.496"
"Bathurst","12714","https://www.google.com/maps/?q=47.6181,-65.6511"
"Brooks","12744","https://www.google.com/maps/?q=50.5834,-111.885"
"Powell River","12779","https://www.google.com/maps/?q=49.8328,-124.524"
"Dolbeau-Mistassini","12916","https://www.google.com/maps/?q=48.8786,-72.2314"
"Portage la Prairie","12957","https://www.google.com/maps/?q=49.9728,-98.2926"
"Mont-Laurier","13405","https://www.google.com/maps/?q=46.5501,-75.4993"
"Bay Roberts","13737","https://www.google.com/maps/?q=47.5999,-53.2648"
"Quesnel","13788","https://www.google.com/maps/?q=52.9784,-122.493"
"Simcoe","13922","https://www.google.com/maps/?q=42.8334,-80.2997"
"Saint-Lin-Laurentides","14159","https://www.google.com/maps/?q=45.8501,-73.7659"
"Williams Lake","14168","https://www.google.com/maps/?q=52.1415,-122.145"
"Rosemere","14173","https://www.google.com/maps/?q=45.6334,-73.7992"
"Colwood","14687","https://www.google.com/maps/?q=48.4329,-123.486"
"Swift Current","14703","https://www.google.com/maps/?q=50.2834,-107.801"
"Prince Rupert","14708","https://www.google.com/maps/?q=54.3151,-130.321"
"Summerside","14808","https://www.google.com/maps/?q=46.3959,-63.7876"
"Matane","14812","https://www.google.com/maps/?q=48.8286,-67.522"
"Gaspe","14819","https://www.google.com/maps/?q=48.8334,-64.4819"
"Okotoks","14826","https://www.google.com/maps/?q=50.7289,-113.983"
"Fort Saskatchewan","14957","https://www.google.com/maps/?q=53.7168,-113.219"
"le Plateau","15000","https://www.google.com/maps/?q=45.4351,-75.7803"
"Kenora","15096","https://www.google.com/maps/?q=49.7674,-94.4899"
"Greater Napanee","15132","https://www.google.com/maps/?q=44.2501,-76.9494"
"Magog","15550","https://www.google.com/maps/?q=45.2668,-72.1491"
"Pembroke","15551","https://www.google.com/maps/?q=45.8168,-77.1162"
"Leduc","15561","https://www.google.com/maps/?q=53.2668,-113.552"
"Saint-Basile-le-Grand","15605","https://www.google.com/maps/?q=45.5334,-73.2825"
"Yorkton","15669","https://www.google.com/maps/?q=51.2167,-102.468"
"Camrose","15686","https://www.google.com/maps/?q=53.0168,-112.835"
"Mont-Saint-Hilaire","15720","https://www.google.com/maps/?q=45.5652,-73.1868"
"Collingwood","15809","https://www.google.com/maps/?q=44.4834,-80.2164"
"Yellowknife","15865","https://www.google.com/maps/?q=62.4541,-114.372"
"Candiac","15947","https://www.google.com/maps/?q=45.3834,-73.5159"
"Fort Erie","15953","https://www.google.com/maps/?q=42.9001,-78.9329"
"Petawawa","15988","https://www.google.com/maps/?q=45.8945,-77.2801"
"Rayside-Balfour","16050","https://www.google.com/maps/?q=46.6087,-81.2076"
"Salmon Arm","16205","https://www.google.com/maps/?q=50.6998,-119.302"
"Sainte-Catherine","16211","https://www.google.com/maps/?q=46.3184,-72.5663"
"Lutes Mountain","16311","https://www.google.com/maps/?q=46.1354,-64.905"
"Cochrane","16365","https://www.google.com/maps/?q=51.1834,-114.469"
"L'Ancienne-Lorette","16516","https://www.google.com/maps/?q=46.7939,-71.3519"
"Edmundston","16643","https://www.google.com/maps/?q=47.3737,-68.3251"
"L'Assomption","16738","https://www.google.com/maps/?q=45.8232,-73.4294"
"Sainte-Catherine","16762","https://www.google.com/maps/?q=45.4001,-73.5825"
"Saint-Lazare","17016","https://www.google.com/maps/?q=45.4001,-74.1326"
"Conception Bay South","17087","https://www.google.com/maps/?q=47.4999,-52.9981"
"Saint-Augustin-de-Desmaures","17281","https://www.google.com/maps/?q=46.7406,-71.4513"
"Deux-Montagnes","17402","https://www.google.com/maps/?q=45.5345,-73.9017"
"Fort St. John","17402","https://www.google.com/maps/?q=56.2499,-120.853"
"Pitt Meadows","17410","https://www.google.com/maps/?q=49.2212,-122.69"
"Spruce Grove","17767","https://www.google.com/maps/?q=53.5334,-113.919"
"Amos","17918","https://www.google.com/maps/?q=48.5669,-78.1162"
"Oak Bay","18015","https://www.google.com/maps/?q=48.4496,-123.303"
"Dorval","18088","https://www.google.com/maps/?q=45.4473,-73.7533"
"Cobourg","18099","https://www.google.com/maps/?q=43.9598,-78.1652"
"Miramichi","18129","https://www.google.com/maps/?q=47.0289,-65.5019"
"Thorold","18224","https://www.google.com/maps/?q=43.1168,-79.1996"
"Dieppe","18565","https://www.google.com/maps/?q=46.0784,-64.6873"
"Riviere-du-Loup","18586","https://www.google.com/maps/?q=47.827,-69.5424"
"Port Colborne","18599","https://www.google.com/maps/?q=42.9001,-79.2329"
"Cranbrook","18610","https://www.google.com/maps/?q=49.4999,-115.769"
"Corner Brook","18693","https://www.google.com/maps/?q=48.95,-57.952"
"Beloeil","18927","https://www.google.com/maps/?q=45.5684,-73.2057"
"Mont-Royal","18933","https://www.google.com/maps/?q=45.5168,-73.6492"
"Beaconsfield","19194","https://www.google.com/maps/?q=45.4334,-73.8659"
"North Battleford","19440","https://www.google.com/maps/?q=52.7797,-108.297"
"Terrace","19443","https://www.google.com/maps/?q=54.5163,-128.603"
"Huntsville","19579","https://www.google.com/maps/?q=45.3334,-79.2163"
"Glace Bay","19968","https://www.google.com/maps/?q=46.1969,-59.957"
"Cole Harbour","20000","https://www.google.com/maps/?q=44.6724,-63.4751"
"New Glasgow","20322","https://www.google.com/maps/?q=45.5834,-62.6486"
"Lindsay","20354","https://www.google.com/maps/?q=44.3501,-78.7329"
"Kirkland","20491","https://www.google.com/maps/?q=45.4501,-73.8659"
"Westmount","20494","https://www.google.com/maps/?q=45.4834,-73.5992"
"Truro","20650","https://www.google.com/maps/?q=45.3669,-63.2654"
"Clarence-Rockland","20790","https://www.google.com/maps/?q=45.5501,-75.291"
"Varennes","20950","https://www.google.com/maps/?q=45.6834,-73.4325"
"Keswick","21000","https://www.google.com/maps/?q=44.2501,-79.4663"
"Port Alberni","21282","https://www.google.com/maps/?q=49.2413,-124.803"
"Lower Sackville","21379","https://www.google.com/maps/?q=44.776,-63.6786"
"La Prairie","21763","https://www.google.com/maps/?q=45.4168,-73.4992"
"Duncan","22199","https://www.google.com/maps/?q=48.7829,-123.703"
"Langford","22459","https://www.google.com/maps/?q=48.4496,-123.503"
"Sept-Iles","22582","https://www.google.com/maps/?q=50.2001,-66.3821"
"Chambly","22608","https://www.google.com/maps/?q=45.4501,-73.2825"
"Owen Sound","22625","https://www.google.com/maps/?q=44.5672,-80.9435"
"Whitehorse","23272","https://www.google.com/maps/?q=60.7161,-135.054"
"Langley","23606","https://www.google.com/maps/?q=49.1011,-122.659"
"Brockville","23886","https://www.google.com/maps/?q=44.5913,-75.687"
"Saint-Constant","23957","https://www.google.com/maps/?q=45.3668,-73.5659"
"Rouyn-Noranda","24023","https://www.google.com/maps/?q=48.2366,-79.0231"
"Saint-Bruno-de-Montarville","24388","https://www.google.com/maps/?q=45.5334,-73.3492"
"Mount Pearl","24671","https://www.google.com/maps/?q=47.5166,-52.7813"
"Airdrie","24673","https://www.google.com/maps/?q=51.3001,-114.035"
"Sainte-Therese","25224","https://www.google.com/maps/?q=45.6392,-73.8276"
"Prince Edward","25496","https://www.google.com/maps/?q=44.0001,-77.2495"
"Walnut Grove","25683","https://www.google.com/maps/?q=49.1647,-122.64"
"Thetford-Mines","25704","https://www.google.com/maps/?q=46.0937,-71.3054"
"Vaudreuil-Dorion","25789","https://www.google.com/maps/?q=45.4001,-74.0325"
"Brandon","26234","https://www.google.com/maps/?q=49.8469,-99.9531"
"Boisbriand","26483","https://www.google.com/maps/?q=45.6168,-73.8325"
"Lloydminster","27000","https://www.google.com/maps/?q=53.2724,-110.023"
"Port Moody","27512","https://www.google.com/maps/?q=49.283,-122.853"
"West Kelowna","28793","https://www.google.com/maps/?q=49.8625,-119.583"
"Sainte-Julie","29019","https://www.google.com/maps/?q=45.5834,-73.3325"
"Alma","29526","https://www.google.com/maps/?q=48.5501,-71.6491"
"Baie-Comeau","29808","https://www.google.com/maps/?q=49.2168,-68.1489"
"Pointe-Claire","30161","https://www.google.com/maps/?q=45.4487,-73.8167"
"Orillia","30178","https://www.google.com/maps/?q=44.6087,-79.4207"
"Stratford","30233","https://www.google.com/maps/?q=43.3668,-80.9497"
"Val-d'Or","31123","https://www.google.com/maps/?q=48.0974,-77.7974"
"Saint-Georges","31173","https://www.google.com/maps/?q=46.1135,-70.6653"
"Cote-Saint-Luc","31395","https://www.google.com/maps/?q=45.4654,-73.6658"
"Midland","31502","https://www.google.com/maps/?q=44.7501,-79.883"
"Moose Jaw","32166","https://www.google.com/maps/?q=50.4001,-105.534"
"North Cowichan","32272","https://www.google.com/maps/?q=48.8413,-123.686"
"Orangeville","32640","https://www.google.com/maps/?q=43.9168,-80.0997"
"Courtenay","32793","https://www.google.com/maps/?q=49.6866,-124.994"
"Ancaster","33232","https://www.google.com/maps/?q=43.2181,-79.9872"
"Campbell River","33430","https://www.google.com/maps/?q=50.0163,-125.245"
"Woodstock","33892","https://www.google.com/maps/?q=43.1334,-80.7497"
"Brant","34415","https://www.google.com/maps/?q=43.1334,-80.3497"
"Victoriaville","34426","https://www.google.com/maps/?q=46.0501,-71.9658"
"Prince Albert","34609","https://www.google.com/maps/?q=53.2001,-105.768"
"Mascouche","34626","https://www.google.com/maps/?q=45.7496,-73.5996"
"Mirabel","34626","https://www.google.com/maps/?q=45.6501,-74.0825"
"Joliette","34772","https://www.google.com/maps/?q=46.0164,-73.4236"
"Rock Forest","35500","https://www.google.com/maps/?q=45.357,-71.9968"
"St. Thomas","36110","https://www.google.com/maps/?q=42.7736,-81.1804"
"Penticton","37721","https://www.google.com/maps/?q=49.4806,-119.586"
"Salaberry-de-Valleyfield","38662","https://www.google.com/maps/?q=45.2501,-74.1325"
"Boucherville","39062","https://www.google.com/maps/?q=45.591,-73.4361"
"Grande Prairie","41462","https://www.google.com/maps/?q=55.1667,-118.803"
"Saint-Eustache","42062","https://www.google.com/maps/?q=45.565,-73.9055"
"Rimouski","42240","https://www.google.com/maps/?q=48.4488,-68.524"
"Charlottetown","42402","https://www.google.com/maps/?q=46.239,-63.1341"
"West Vancouver","42694","https://www.google.com/maps/?q=49.3667,-123.167"
"Quinte West","42697","https://www.google.com/maps/?q=44.1834,-77.5662"
"Chateauguay","42786","https://www.google.com/maps/?q=45.3834,-73.7492"
"Timmins","42997","https://www.google.com/maps/?q=48.4669,-81.3331"
"Chatham","43550","https://www.google.com/maps/?q=42.4122,-82.1849"
"West End","44560","https://www.google.com/maps/?q=49.2833,-123.133"
"Blainville","46493","https://www.google.com/maps/?q=45.6668,-73.8825"
"Vernon","47274","https://www.google.com/maps/?q=50.2673,-119.273"
"North Vancouver","48000","https://www.google.com/maps/?q=49.3164,-123.069"
"Cornwall","48821","https://www.google.com/maps/?q=45.0181,-74.7281"
"Dollard-Des Ormeaux","48930","https://www.google.com/maps/?q=45.4945,-73.8242"
"Shawinigan","49161","https://www.google.com/maps/?q=46.5667,-72.7491"
"Belleville","49454","https://www.google.com/maps/?q=44.1668,-77.3828"
"North Bay","50170","https://www.google.com/maps/?q=46.3168,-79.4663"
"Saint-Hyacinthe","50326","https://www.google.com/maps/?q=45.6308,-72.957"
"Welland","50331","https://www.google.com/maps/?q=42.9834,-79.2496"
"Fredericton","52337","https://www.google.com/maps/?q=45.9454,-66.6656"
"Granby","53979","https://www.google.com/maps/?q=45.4001,-72.7324"
"Jonquiere","54842","https://www.google.com/maps/?q=48.4165,-71.2488"
"Saint-Jerome","54948","https://www.google.com/maps/?q=45.7804,-74.0036"
"Sherwood Park","55063","https://www.google.com/maps/?q=53.5168,-113.319"
"St. Albert","57719","https://www.google.com/maps/?q=53.6334,-113.635"
"New Westminster","58549","https://www.google.com/maps/?q=49.2068,-122.911"
"Drummondville","59489","https://www.google.com/maps/?q=45.8834,-72.4824"
"Norfolk County","60847","https://www.google.com/maps/?q=42.8334,-80.383"
"Medicine Hat","63138","https://www.google.com/maps/?q=50.0393,-110.677"
"Prince George","65558","https://www.google.com/maps/?q=53.9166,-122.753"
"White Rock","66450","https://www.google.com/maps/?q=49.0164,-122.803"
"Notre-Dame-de-Grace","67000","https://www.google.com/maps/?q=45.4767,-73.6143"
"Kamloops","68714","https://www.google.com/maps/?q=50.6665,-120.319"
"Brossard","69575","https://www.google.com/maps/?q=45.4501,-73.4658"
"Maple Ridge","70000","https://www.google.com/maps/?q=49.2194,-122.602"
"Lethbridge","70617","https://www.google.com/maps/?q=49.7,-112.819"
"Saint-Jean-sur-Richelieu","71613","https://www.google.com/maps/?q=45.3071,-73.2626"
"Saint-Leonard","73423","https://www.google.com/maps/?q=45.5877,-73.595"
"Red Deer","73593","https://www.google.com/maps/?q=52.2668,-113.802"
"La Haute-Saint-Charles","74070","https://www.google.com/maps/?q=46.8903,-71.3722"
"Newmarket","74295","https://www.google.com/maps/?q=44.0501,-79.4663"
"Sault Ste. Marie","74948","https://www.google.com/maps/?q=46.5168,-84.3333"
"Peterborough","75877","https://www.google.com/maps/?q=44.3001,-78.3162"
"Fort McMurray","76000","https://www.google.com/maps/?q=56.7268,-111.381"
"Repentigny","76237","https://www.google.com/maps/?q=45.7422,-73.4501"
"Chilliwack","77000","https://www.google.com/maps/?q=49.1664,-121.953"
"Saint-Laurent","77391","https://www.google.com/maps/?q=45.5001,-73.6658"
"Willowdale","79440","https://www.google.com/maps/?q=43.7667,-79.3991"
"Niagara Falls","82000","https://www.google.com/maps/?q=43.1001,-79.0663"
"Sarnia","82998","https://www.google.com/maps/?q=42.9787,-82.4041"
"Milton","84362","https://www.google.com/maps/?q=43.5168,-79.8829"
"Nanaimo","84905","https://www.google.com/maps/?q=49.1664,-123.94"
"Moncton","87467","https://www.google.com/maps/?q=46.0945,-64.7965"
"Brantford","87759","https://www.google.com/maps/?q=43.1334,-80.2664"
"Pickering","87838","https://www.google.com/maps/?q=43.9001,-79.1329"
"Saint John","87857","https://www.google.com/maps/?q=45.2727,-66.0677"
"Ajax","90167","https://www.google.com/maps/?q=43.8501,-79.0329"
"Terrebonne","94703","https://www.google.com/maps/?q=45.7,-73.6473"
"Waterloo","97475","https://www.google.com/maps/?q=43.4668,-80.5164"
"St. John's","99182","https://www.google.com/maps/?q=47.5649,-52.7093"
"Thunder Bay","99334","https://www.google.com/maps/?q=48.382,-89.2502"
"Dartmouth","101343","https://www.google.com/maps/?q=44.6713,-63.5772"
"Delta","101668","https://www.google.com/maps/?q=49.144,-122.907"
"Sydney","105968","https://www.google.com/maps/?q=46.1351,-60.1831"
"Kingston","114195","https://www.google.com/maps/?q=44.2298,-76.481"
"Coquitlam","114565","https://www.google.com/maps/?q=49.283,-122.753"
"East York","115365","https://www.google.com/maps/?q=43.6905,-79.3279"
"Guelph","115760","https://www.google.com/maps/?q=43.5459,-80.256"
"Trois-Rivieres","119693","https://www.google.com/maps/?q=46.3451,-72.5477"
"Cambridge","120372","https://www.google.com/maps/?q=43.3601,-80.3127"
"Kelowna","125109","https://www.google.com/maps/?q=49.8831,-119.486"
"Levis","126396","https://www.google.com/maps/?q=46.8033,-71.1779"
"Anmore","126456","https://www.google.com/maps/?q=49.3164,-122.853"
"Sherbrooke","129447","https://www.google.com/maps/?q=45.4001,-71.8991"
"St. Catharines","131989","https://www.google.com/maps/?q=43.1713,-79.2427"
"Saguenay","143692","https://www.google.com/maps/?q=48.4168,-71.0657"
"Abbotsford","151683","https://www.google.com/maps/?q=49.058,-122.253"
"Greater Sudbury","157857","https://www.google.com/maps/?q=46.49,-80.99"
"Burlington","164415","https://www.google.com/maps/?q=43.3862,-79.8371"
"Oakville","165697","https://www.google.com/maps/?q=43.4501,-79.6829"
"Regina","176183","https://www.google.com/maps/?q=50.4501,-104.618"
"Nepean","180000","https://www.google.com/maps/?q=45.3521,-75.7398"
"Richmond","182000","https://www.google.com/maps/?q=49.17,-123.137"
"Barrie","182041","https://www.google.com/maps/?q=44.4001,-79.6663"
"Richmond Hill","185541","https://www.google.com/maps/?q=43.8711,-79.4372"
"Saskatoon","198958","https://www.google.com/maps/?q=52.1324,-106.669"
"Ladner","200000","https://www.google.com/maps/?q=49.0894,-123.082"
"Burnaby","202799","https://www.google.com/maps/?q=49.2664,-122.953"
"Longueuil","229330","https://www.google.com/maps/?q=45.5312,-73.5181"
"Kitchener","233700","https://www.google.com/maps/?q=43.4254,-80.5112"
"Vaughan","238866","https://www.google.com/maps/?q=43.8361,-79.4983"
"Gatineau","242124","https://www.google.com/maps/?q=45.4772,-75.7016"
"Oshawa","247989","https://www.google.com/maps/?q=43.9001,-78.8496"
"Markham","261573","https://www.google.com/maps/?q=43.8668,-79.2663"
"Windsor","278013","https://www.google.com/maps/?q=42.3001,-83.0165"
"Victoria","289625","https://www.google.com/maps/?q=48.4329,-123.369"
"Okanagan","297601","https://www.google.com/maps/?q=50.3639,-119.35"
"London","346765","https://www.google.com/maps/?q=42.9834,-81.233"
"Etobicoke","347948","https://www.google.com/maps/?q=43.6542,-79.5671"
"Halifax","359111","https://www.google.com/maps/?q=44.6453,-63.5724"
"Laval","376845","https://www.google.com/maps/?q=45.57,-73.692"
"Surrey","394976","https://www.google.com/maps/?q=49.1063,-122.825"
"Brampton","433806","https://www.google.com/maps/?q=43.6834,-79.7663"
"Hamilton","519949","https://www.google.com/maps/?q=43.2501,-79.8496"
"Quebec","528595","https://www.google.com/maps/?q=46.8123,-71.2145"
"Vancouver","600000","https://www.google.com/maps/?q=49.2497,-123.119"
"Scarborough","600000","https://www.google.com/maps/?q=43.7722,-79.2567"
"Winnipeg","632063","https://www.google.com/maps/?q=49.8844,-97.147"
"North York","636000","https://www.google.com/maps/?q=43.7668,-79.4163"
"Mississauga","668549","https://www.google.com/maps/?q=43.5789,-79.6583"
"Edmonton","712391","https://www.google.com/maps/?q=53.5501,-113.469"
"Ottawa","812129","https://www.google.com/maps/?q=45.4112,-75.6981"
"Calgary","1019942","https://www.google.com/maps/?q=51.0501,-114.085"
"Montreal","1600000","https://www.google.com/maps/?q=45.5088,-73.5878"
"Toronto","2600000","https://www.google.com/maps/?q=43.7001,-79.4163"